Enzyme ID,Gene composition,,,
1-ACYLGLYCEROL-3-P-ACYLTRANSFER-MONOMER,b3018(1),,,#stoichiometry of proteins within enzyme included indicated in parentheses.
1-PFK,b2168(2),,,
2-DEHYDROPANTOATE-REDUCT-MONOMER,b0425(1),,,
2-ISOPROPYLMALATESYN-MONOMER,b0074(1),,,
2-OCTAPRENYL-METHOXY-BENZOQ-METH-MONOMER,b3833(1),,,
2-OCTAPRENYLPHENOL-HYDROX-MONOMER,b3835(1),,,
2OXOGLUTARATEDEH-CPLX,b0726(12) AND b0116(2) AND b0727(24),,,
3-ISOPROPYLMALDEHYDROG-CPLX,b0073(2),,,
3-ISOPROPYLMALISOM-CPLX,b0071(1) AND b0072(1),,,
3-METHYL-2-OXOBUT-OHCH3XFER-CPLX,b0134(10),,,
3-OXOACYL-ACP-REDUCT-MONOMER,b1093(1),,,
3-OXOACYL-ACP-SYNTHII-CPLX,b1095(2),,,
4OHBENZOATE-OCTAPRENYLTRANSFER-MONOMER,b4040(1),,,
6PFK-1-CPX,b3916(4),,,
6PFK-2-CPX,b1723(2),,,
6PGLUCONDEHYDROG-CPLX,b2029(2),,,
6PGLUCONOLACT-MONOMER,b0767(1),,,
7KAPSYN-CPLX,b0776(2),,,
AAS-MONOMER,b2836(1),,,
ABC-10-CPLX,b0592(1) AND b0589(1) AND b0590(1) AND b0588(2),,,
ABC-11-CPLX,b0152(1) AND b0151(2) AND b0153(2),,,
ABC-12-CPLX,b0809(2) AND b0811(1) AND b0810(2),,,
ABC-13-CPLX,b0655() AND b0654() AND b0653() AND b0652(),,,
ABC-14-CPLX,b2309(1) AND b2308(1) AND b2307(1) AND b2306(2),,,
ABC-15-CPLX,b3460(1) AND b3456(1) AND b3457(1) AND b3454(1) AND b3455(1),,,
ABC-16-CPLX,b4034(1) AND b4035(2) AND b4033(1) AND b4032(1),,,
ABC-18-CPLX,b2150(1) AND b2148(2) AND b2149(2),,,
ABC-19-CPLX,b0764(2) AND b0765(2) AND b0763(1),,,
ABC-2-CPLX,b1900(2) AND b1901(1) AND b4460(2),,,
ABC-20-CPLX,b3476(1) AND b3477(1) AND b3478(1) AND b3479(1) AND b3480(1),,,
ABC-22-CPLX,b1245(1) AND b1244(1) AND b1247(1) AND b1246(1) AND b1243(1),,,
ABC-24-CPLX,b1124(1) AND b1125(1) AND b1126(2) AND b1123(1),,,
ABC-25-CPLX,b0857(1) AND b0856(1) AND b0854(1) AND b0855(2),,,
ABC-26-CPLX,b2678(2) AND b2677(2) AND b2679(1),,,
ABC-27-CPLX,b3725(2) AND b3728(1) AND b3726(1) AND b3727(1),,,
ABC-28-CPLX_EG10817-MONOMER,b3751() AND b3750() AND b3748() AND b3749(),,,
ABC-3-CPLX,b2308(1) AND b2310(1) AND b2307(1) AND b2306(2),,,
ABC-304-CPLX,b3458(1) AND b3456(1) AND b3457(1) AND b3454(1) AND b3455(1),,,
ABC-32-CPLX,b0067(2) AND b0066(2) AND b0068(1),,,
ABC-33-CPLX,b3566(1) AND b3567(2) AND b3568(2),,,
ABC-34-CPLX,b3452(1) AND b3453(1) AND b3451(1) AND b3450(2),,,
ABC-35-CPLX,b2200(1) AND b2201(2) AND b2197(1) AND b2198(1) AND b2199(1),,,
ABC-4-CPLX,b0864(2) AND b0862(1) AND b0863(1) AND b0860(1) AND b0861(1),,,
ABC-40-CPLX,b2128(1) AND b2130(1) AND b2131(1) AND b2129(2),,,
ABC-42-CPLX,b4088(1) AND b4087(2) AND b4086(2),,,
ABC-46-CPLX,b4485(1) AND b4231(1) AND b4227(1) AND b4230(2),,,
ABC-49-CPLX,b0831(1) AND b0830(1) AND b0829(2) AND b0832(1),,,
ABC-5-CPLX,b1709(2) AND b0158(1) AND b1711(2),,,
ABC-51-CPLX,b1443(1) AND b1442(1) AND b1440(1) AND b1441(2),,,
ABC-53-CPLX,b4261() AND b4262() AND b3201(2) AND b3199() AND b3200(),,,
ABC-56-CPLX,b0934(2) AND b0933(2) AND b0936(),,,
ABC-59-CPLX,b1487(1) AND b1486(1) AND b1485(1) AND b1484(1) AND b1483(1),,,
ABC-6-CPLX,b0887(2) AND b0886(2),,,
ABC-63-CPLX,b1859(2) AND b1858(2) AND b1857(1),,,
ABC-64-CPLX,b0365(1) AND b0366(2) AND b0367(2),,,
ABC-7-CPLX,b2422(2) AND b2423(1) AND b2424(1) AND b2425(1),,,
ABC-70-CPLX,b3917(1) AND b2422(2) AND b2423(1) AND b2424(1),,,
ABC-8-CPLX,b3540(1) AND b3541(1) AND b3542(1) AND b3543(1) AND b3544(1),,,
ABC-9-CPLX,b4287(2) AND b4290(1) AND b4288(1) AND b4289(1),,,
ACETATEKINA-MONOMER,b2296(1),,,
ACETOACETYL-COA-TRANSFER-CPLX,b2222(2) AND b2221(2),,,
ACETOLACTSYNI-CPLX,b3671(2) AND b3670(2),,,
ACETOLACTSYNIII-CPLX,b0078(2) AND b0077(2),,,
ACETYL-COA-ACETYLTRANSFER-CPLX,b2224(4),,,
ACETYL-COA-CARBOXYLMULTI-CPLX,b3255(2) AND b2316(2) AND b0185(2) AND b3256(2),,,
ACETYLGLUTKIN-CPLX,b3959(2),,,
ACETYLORNDEACET-CPLX,b3957(2),,,
ACETYLORNTRANSAM-CPLX,b3359(2),,,
ACNEULY-CPLX,b3225(4),,,
ACS-MONOMER,b4069(1),,,
ACSERLYA-CPLX,b2414(2),,,
ACSERLYB-CPLX,b2421(2),,,
ACYLCOADEHYDROG-MONOMER,b0221(1),,,
ACYLCOASYN-CPLX,b1805(2),,,
ADCLY-CPLX,b1096(2),,,
ADENODEAMIN-MONOMER,b1623(1),,,
ADENPRIBOSYLTRAN-CPLX,b0469(2),,,
ADENYL-KIN-MONOMER,b0474(1),,,
ADENYLATECYC-MONOMER,b3806(1),,,
ADENYLOSUCCINATE-SYN-DIMER,b4177(2),,,
ADENYLYLSULFKIN-CPLX,b2750(2),,,
ADHC-CPLX,b0356(2),,,
ADHE-CPLX,b1241(40),,,
ADHP-MONOMER,b1478(1),,,
AERGLYC3PDEHYDROG-CPLX,b3426(2),,,
AGMATIN-CPLX,b2937(2),,,
AICARTRANSIMPCYCLO-CPLX,b4006(1),,,
AIRS-CPLX,b2499(2),,,
AKBLIG-CPLX,b3617(2),,,
Ala_RS_tetra,b2697(4),,,
ALARACEBIOSYN-MONOMER,b4053(1),,,
ALD-CPLX,b1415(4),,,
ALDHDEHYDROG-MONOMER,b1300(1),,,
ALDOSE1EPIM-MONOMER,b0756(1),,,
ALKAPHOSPHA-CPLX,b0383(2),,,
ALPHA-AMYL-CYTO-MONOMER,b1927(1),,,
ALPHA-AMYL-PERI-MONOMER,b3571(1),,,
ALPHAGALACTOSID-CPLX,b4119(2),,,
ALTRO-OXIDOREDUCT-MONOMER,b1521(1),,,
ALTRODEHYDRAT-MONOMER,b3091(1),,,
AMINEOXID-CPLX,b1386(2),,,
AMP-NUCLEOSID-CPLX,b1982(6),,,
AMPG-MONOMER,b0433(1),,,
AMYLOMALT-MONOMER,b3416(1),,,
ANGLYC3PDEHYDROG-CPLX,b2241(1) AND b2242(1) AND b2243(1),,,
ANSA-CPLX,b1767(2),,,
ANSB-CPLX,b2957(4),,,
ANSP-MONOMER,b1453(1),,,
ANTHRANSYN-CPLX,b1263(2) AND b1264(2),,,
ANTHRANSYNCOMPII-MONOMER,b1263(1),,,
APHA-CPLX,b4055(4),,,
APO-ENTB,b0595(5),,,
APP-UBIOX-CPLX,b0978(1) AND b0979(1),,,
ARABISOM-CPLX,b0062(6),,,
ARAE-MONOMER,b2841(1),,,
ARCD-MONOMER,b1605(1),,,
ARGDECARBOXBIO-CPLX,b2938(4),,,
ARGDECARBOXDEG-CPLX,b4117(10),,,
ArgS_mono,b1876(1),,,
ARGSUCCINLYA-MONOMER,b3960(1),,,
ARGSUCCTRAN-MONOMER,b1747(1),,,
AROA-MONOMER,b0908(1),,,
AROB-MONOMER,b3389(1),,,
AROC-CPLX,b2329(4),,,
AROD-CPLX,b1693(2),,,
AROE-MONOMER,b3281(1),,,
AROF-CPLX,b2601(2),,,
AROG-CPLX,b0754(4),,,
AROH-CPLX,b1704(2),,,
AROK-MONOMER,b3390(1),,,
AROL-MONOMER,b0388(1),,,
AROP-MONOMER,b0112(1),,,
ASL-MONOMER,b1131(1),,,
Asn_RS_dim,b0930(2),,,
ASNSYNA-CPLX,b3744(2),,,
ASNSYNB-CPLX,b0674(2),,,
Asp_RS_dim,b1866(2),,,
ASP-SEMIALDEHYDE-DEHYDROGENASE-CPLX,b3433(2),,,
ASPAMINOTRANS-DIMER,b0928(2),,,
ASPARTASE-CPLX,b4139(4),,,
ASPCARBCAT-TRIMER,b4245(3),,,
ASPCARBTRANS-CPLX,b4245(6) AND b4244(6),,,
ASPKINIHOMOSERDEHYDROGI-CPLX,b0002(4),,,
ASPKINIIHOMOSERDEHYDROGII-CPLX,b3940(2),,,
ASPKINIII-CPLX,b4024(2),,,
ATPASE-1-CPLX,b0698() AND b4513() AND b0697() AND b0696(),,,
ATPASE-1-CPLX_no_MONOMER0-12,b0698() AND b0697() AND b0696(),,,
ATPSYN-CPLX,b3733(1) AND b3738(1) AND b3732(3) AND b3736(2) AND b3731(1) AND b3735(1) AND b3737(10) AND b3734(3),,,
ATPSYN-CPLX_EG10106-MONOMER,b3736() AND b3731() AND b3735() AND b3739() AND b3734() AND b3733() AND b3738() AND b3737() AND b3732(),,,
B0070-MONOMER,b0070(1),,,
B0260-MONOMER,b0260(1),,,
B0511-MONOMER,b0511(1),,,
B0612-MONOMER,b0612(1),,,
B0709-MONOMER,b0709(1),,,
B0752-MONOMER,b0752(1),,,
B1006-MONOMER,b1006(1),,,
B1296-MONOMER,b1296(1),,,
B1634-MONOMER,b1634(1),,,
B2170-MONOMER,b2170(1),,,
B2789-MONOMER,b2789(1),,,
B2975-MONOMER,b2975(1),,,
BADH-CPLX,b0312(4),,,
BETAGALACTOSID-CPLX,b0344(4),,,
BETT-MONOMER,b0314(1),,,
BIOTIN-SYN-CPLX,b0775(2),,,
BRANCHED-CHAINAMINOTRANSFER-CPLX,b3770(6),,,
BRNQ-MONOMER,b0401(1),,,
BTUE-MONOMER,b1710(1),,,
CADB-MONOMER,b4132(1),,,
CAIC-MONOMER,b0037(1),,,
CARBODEHYDRAT-CPLX,b0339(2),,,
CARBPSYN-CPLX,b0032(2) AND b0033(2),,,
CARDIOLIPSYN-MONOMER,b1249(1),,,
CARNDEHYDRA-CPLX,b0038(2),,,
CARNRACE-MONOMER,b0036(1),,,
CDPDIGLYPYPHOSPHA-MONOMER,b3918(1),,,
CDPDIGLYSYN-MONOMER,b0175(1),,,
CFA-CPLX,b1661(2),,,
CHAA-MONOMER,b1216(1),,,
CHD-MONOMER,b0311(1),,,
CHORISMUTPREPHENDEHYDRAT-CPLX,b2599(2),,,
CHORISMUTPREPHENDEHYDROG-CPLX,b2600(2),,,
CHORPYRLY-MONOMER,b4039(1),,,
cisGroES_hepta,b4142(7),,,
CITC-MONOMER,b0618(1),,,
CITLY-CPLX,b0616(6) AND b0617(6) AND b0615(6),,,
CITRATE-SI-SYNTHASE,b0720(6),,,
CMPKI-MONOMER,b0910(1),,,
CMR-MONOMER,b0842(1),,,
COADTRI-CPLX,b3634(6),,,
COBALADENOSYLTRANS-MONOMER,b1270(1),,,
COBS-MONOMER,b1992(1),,,
COBU-CPLX,b1993(2),,,
CODB-MONOMER,b0336(1),,,
CORA-MONOMER,b3816(1),,,
CPDB-MONOMER,b4213(1),,,
CPLX-153,b2415(1) AND b2715(2) AND b2416(2),,,
CPLX-154,b2415(1) AND b2416(2) AND b3722(2),,,
CPLX-157,b2415(1) AND b2417(1) AND b1101(2) AND b2416(2),,,
CPLX-158,b2415(1) AND b2416(2) AND b2167(2) AND b2169(1),,,
CPLX-163,b2415(1) AND b0731(2) AND b2416(2),,,
CPLX-164,b2415(1) AND b2417(1) AND b2416(2) AND b1621(2),,,
CPLX-165,b2415(1) AND b1818(2) AND b2416(2) AND b1817(1) AND b1819(1),,,
CPLX-166,b2415(1) AND b2416(2) AND b3599(2),,,
CPLX-167,b2415(1) AND b2416(2) AND b0679(2),,,
CPLX-168,b2415(1) AND b2417(1) AND b2416(2) AND b4240(2),,,
CPLX-169,b2415() AND b2704() AND b2416() AND b2703() AND b2702(),,,
CPLX-171,b0508(2),,,
CPLX-63,b1872(1) AND b1873(1),,,
CPLX-64,b0512(4),,,
CPLX-7,b3502(2),,,
CPLX-722,b0980(2),,,
CPLX-7524,b0516(2),,,
CPLX0-1,b2710(4),,,
CPLX0-1021,b0331(4),,,
CPLX0-1142,b2374(2),,,
CPLX0-1221,b3397(2),,,
CPLX0-1261,b2465(),,,
CPLX0-1262,b3197(4),,,
CPLX0-1341,b1681(1) AND b1683(1) AND b1682(2),,,
CPLX0-1401,b2871(2),,,
CPLX0-1541,b0159(2),,,
CPLX0-1581,b0622(2),,,
CPLX0-1601,b1587(1) AND b1590(1) AND b1588(1) AND b1589(1),,,
CPLX0-1622,b1489(2),,,
CPLX0-1666,b2341(),,,
CPLX0-1667,b2342(),,,
CPLX0-1669,b1701(2),,,
CPLX0-1683,b3665(2),,,
CPLX0-1721,b0572(3) AND b0573(1) AND b0574(1) AND b0575(3),,,
CPLX0-1762,b1388() AND b1389() AND b1392() AND b1390(),,,
CPLX0-1923_EG10155-MONOMER,b3005() AND b1252() AND b2155() AND b3006(),,,
CPLX0-1923_EG10306-MONOMER,b1102() AND b3005() AND b1252() AND b3006(),,,
CPLX0-1924,b3966() AND b1252() AND b3005() AND b3006(),,,
CPLX0-1941,b1252() AND b3005() AND b0584() AND b3006(),,,
CPLX0-1942,b1252() AND b0150() AND b3005() AND b3006(),,,
CPLX0-1943,b4291() AND b1252() AND b3005() AND b3006(),,,
CPLX0-1962,b1539(4),,,
CPLX0-201,b0825(12),,,
CPLX0-2061,b3575(2),,,
CPLX0-2081,b1199(1) AND b1198(2) AND b1200(2),,,
CPLX0-2141,b3265() AND b3035() AND b3266(),,,
CPLX0-224,b0937(2),,,
CPLX0-225,b0935(4),,,
CPLX0-227,b0368(2),,,
CPLX0-231,b2415(1) AND b2416(2) AND b2093(1) AND b2092(2) AND b2094(1),,,
CPLX0-234,b2747(2),,,
CPLX0-235,b3553(2),,,
CPLX0-236,b1463(2),,,
CPLX0-237,b3607(6),,,
CPLX0-238,b3172(4),,,
CPLX0-240,b3137(1) AND b3132(1),,,
CPLX0-241,b2095(1) AND b2096(1),,,
CPLX0-242,b3425(2),,,
CPLX0-243,b4226(6),,,
CPLX0-246_CPLX0-1342,b1679(2) AND b1680(2),,,
CPLX0-250_FORMATEDEHYDROGH-MONOMER,b2487() AND b2484() AND b2488() AND b2481() AND b2486() AND b2485() AND b2482() AND b2489() AND b4079() AND b2490() AND b2483(),,,
CPLX0-251,b0333(2),,,
CPLX0-252,b1091(2),,,
CPLX0-253,b3028(2),,,
CPLX0-254,b2919(6),,,
CPLX0-3001,b0237(2),,,
CPLX0-301,b3843(6),,,
CPLX0-303,b3925(2),,,
CPLX0-3061,b4260(6),,,
CPLX0-3141,b3029(2),,,
CPLX0-3161,b2472(4),,,
CPLX0-3181,b0166(2),,,
CPLX0-3201,b2328(2),,,
CPLX0-321,b2564(8),,,
CPLX0-322,b0477(2),,,
CPLX0-341,b3639(12),,,
CPLX0-3482,b3588(4),,,
CPLX0-3641,b1444(4),,,
CPLX0-3661,b3052(2),,,
CPLX0-3681,b3619(5),,,
CPLX0-3721,b3034(2),,,
CPLX0-3741,b1210(2),,,
CPLX0-3841,b1208(2),,,
CPLX0-3861,b4474(8),,,
CPLX0-3881,b2052(2),,,
CPLX0-3929,b2708(4),,,
CPLX0-3932,b0463() AND b2470() AND b3035(),,,
CPLX0-3936,b3058(8),,,
CPLX0-3943,b1298(2),,,
CPLX0-3948,b4394(2),,,
CPLX0-3951,b0149(2),,,
CPLX0-3951_G6561-MONOMER,b1069() AND b0149(2),,,
CPLX0-3952,b1662(3),,,
CPLX0-3954,b2154(4),,,
CPLX0-3970,b1245(1) AND b1244(1) AND b1247(1) AND b1246(1) AND b1329(1),,,
CPLX0-3971,b2467(3),,,
CPLX0-3976_edit,b3785() AND b3793(),,,
CPLX0-682,b2615(6),,,
CPLX0-7,b2415() AND b2429() AND b2417() AND b2416(),,,
CPLX0-721,b2746(3),,,
CPLX0-7415,b0182(2),,,
CPLX0-7426,b3187(2),,,
CPLX0-7428,b2751(4) AND b2752(4),,,
CPLX0-743,b0420(2),,,
CPLX0-7458,b4467() AND b4468() AND b2979(),,,
CPLX0-7462,b1692(2),,,
CPLX0-7465,b1190(2),,,
CPLX0-7466,b3564(2),,,
CPLX0-7520,b0340(10),,,
CPLX0-7521,b0126(4),,,
CPLX0-7525,b2264(2),,,
CPLX0-7530,b0241(3),,,
CPLX0-7532,b0451(3),,,
CPLX0-7533,b2215(3),,,
CPLX0-7534,b0929(3),,,
CPLX0-7535,b4115(2),,,
CPLX0-7564,b0029(2),,,
CPLX0-761,b2868() AND b2866() AND b2867(),,,
CPLX0-7614,b2019(2),,,
CPLX0-7615,b3126(6),,,
CPLX0-7616,b0509(4),,,
CPLX0-7622,b4471(2),,,
CPLX0-7625,b2291(2),,,
CPLX0-7629,b0019(2),,,
CPLX0-7630,b0494(4),,,
CPLX0-7631,b2802(6),,,
CPLX0-7633,b2800(4),,,
CPLX0-7641,b3915(2),,,
CPLX0-7642,b4111(2),,,
CPLX0-7643,b3774(4),,,
CPLX0-7647,b3752(2),,,
CPLX0-7652,b3903(4),,,
CPLX0-7653,b0875(4),,,
CPLX0-7654,b3927(4),,,
CPLX0-7655,b4036(3),,,
CPLX0-7659,b0414(2),,,
CPLX0-7660,b0222(4),,,
CPLX0-7674,b1250(4),,,
CPLX0-7684,b2682() AND b2683(),,,
CPLX0-7685,b0125(4),,,
CPLX0-7687,b1525(2),,,
CPLX0-7688,b2661(4),,,
CPLX0-7692,b2781(2),,,
CPLX0-7694,b0485(4),,,
CPLX0-7695,b1524(2),,,
CPLX0-7704,b0914(2),,,
CPLX0-7709,b1297(12),,,
CPLX0-7712,b2051(2),,,
CPLX0-7717,b3396(2),,,
CPLX0-7717_G6561-MONOMER,b1069() AND b3396(2),,,
CPLX0-7718,b2255(6),,,
CPLX0-7719,b0750(2),,,
CPLX0-7720,b2258() AND b4544(),,,
CPLX0-7732,b2428(2),,,
CPLX0-7741,b2917(2),,,
CPLX0-7744,b4196(2),,,
CPLX0-7760,b1276(2),,,
CPLX0-7761,b0118(2),,,
CPLX0-7776,b2930(2),,,
CPLX0-7788,b2146(2) AND b2147(2),,,
CPLX0-7794,b3882(4),,,
CPLX0-7808,b2436(2),,,
CPLX0-7811,b3850(4),,,
CPLX0-7817,b1654(2),,,
CPLX0-7819,b0047(2),,,
CPLX0-782,b0628(2),,,
CPLX0-7824,b1684(2),,,
CPLX0-7826,b2954(2),,,
CPLX0-7838,b2810(2),,,
CPLX0-7838_CPLX0-7839,b2810(2) AND b2811(2),,,
CPLX0-7843,b0904(5),,,
CPLX0-7847,b0052(2),,,
CPLX0-7848,b4192(6),,,
CPLX0-7877,b4025(2),,,
CPLX0-7878,b2373(4),,,
CPLX0-7882,b2262(6),,,
CPLX0-7887,b2379(2),,,
CPLX0-7888,b2290(2),,,
CPLX0-7904,b2162(4),,,
CPLX0-7906,b0040(3),,,
CPLX0-7912,b2458(2),,,
CPLX0-821,b3371(12),,,
CPM-KDOSYNTH-MONOMER,b0918(1),,,
CTPSYN-CPLX,b2780(4),,,
CYCA-MONOMER,b4208(1),,,
CYNX-MONOMER,b0341(1),,,
CysS_mono,b0526(1),,,
CYSTATHIONINE-BETA-LYASE-CPLX,b3008(4),,,
CYT-D-UBIOX-CPLX,b0733(1) AND b0734(1),,,
CYT-O-UBIOX-CPLX,b0429(1) AND b0431(1) AND b0430(1) AND b0432(1),,,
CYTDEAM-MONOMER,b0337(1),,,
CYTIDEAM-CPLX,b2143(2),,,
DALADALALIGA-MONOMER,b0381(1),,,
DALADALALIGB-CPLX,b0092(2),,,
DALADEHYDROGA-MONOMER,b1189(1),,,
DAPASYN-CPLX,b0774(2),,,
DCTA-MONOMER,b3528(1),,,
DCTP-DEAM-CPLX,b2065(3),,,
DCUA-MONOMER,b4138(1),,,
DCUB-MONOMER,b4123(1),,,
DCUC-MONOMER,b0621(1),,,
DCYSDESULF-CPLX,b1919(2),,,
Def_mono,b3287(1),,,
DEHYDDEOXGALACTKIN-MONOMER,b3693(1),,,
DEHYDDEOXPHOSGALACT-ALDOL-MONOMER,b4477(1),,,
DEOA-CPLX,b4382(2),,,
DEOD-CPLX,b4384(6),,,
DEOXYGLUCONOKIN-MONOMER,b3526(1),,,
DEOXYRIBOSE-P-ALD-MONOMER,b4381(1),,,
DETHIOBIOTIN-SYN-CPLX,b0778(2),,,
DGTPTRIPHYDRO-CPLX,b0160(4),,,
DHHB-METHYLTRANSFER-CPLX,b2232(2),,,
DHPDIOXYGEN-CPLX,b0348(4),,,
DIACYLGLYKIN-CPLX,b4042(3),,,
DIAMINOPIMDECARB-CPLX,b2838(4),,,
DIAMINOPIMEPIM-MONOMER,b3809(1),,,
DIHYDRODIPICSYN-CPLX,b2478(4),,,
DIHYDROFOLATEREDUCT-MONOMER,b0048(1),,,
DIHYDROOROT-CPLX,b1062(2),,,
DIHYDROOROTOX-MONOMER,b0945(1),,,
DIHYDROPICRED-CPLX,b0031(4),,,
DIHYDROPTERIREDUCT-CPLX,b0578(2),,,
DIHYDROXYACIDDEHYDRAT-CPLX,b3771(2),,,
DIMESULFREDUCT-CPLX,b0896(1) AND b0895(1) AND b0894(1),,,
DIOHBUTANONEPSYN-CPLX,b3041(2),,,
DLACTDEHYDROGFAD-MONOMER,b2133(1),,,
DLACTDEHYDROGNAD-MONOMER,b1380(1),,,
DMBPPRIBOSYLTRANS-CPLX,b1991(2),,,
DMK-MONOMER,b3930(1),,,
DnaJ_dim,b0015(2),,,
DnaK_mono,b0014(1),,,
DSBBPROT-MONOMER,b1185(1),,,
DSBC-CPLX,b2893(2),,,
DSBD-MONOMER,b4136(1),,,
DSBG-CPLX,b0604(2),,,
DSERDEAM-MONOMER,b2366(1),,,
DTDPDEHYDRHAMEPIM-MONOMER,b2038(1),,,
DTDPDEHYRHAMREDUCT-MONOMER,b2040(1),,,
DTDPGLUCDEHYDRAT-CPLX,b2041(2),,,
DTDPGLUCDEHYDRAT2-MONOMER,b3788(1),,,
DTDPGLUCOSEPP-MONOMER,b2039(1),,,
DTDPGLUCOSEPP2-MONOMER,b3789(1),,,
DTMPKI-MONOMER,b1098(1),,,
DusA_mono,b4049(1),,,
DusB_mono,b3260(1),,,
DusC_mono,b2140(1),,,
DUTP-PYROP-CPLX,b3640(3),,,
DXPREDISOM-CPLX,b0173(2),,,
EG10041-MONOMER,b0110(1),,,
EG10043-MONOMER,b4214(1),,,
EG10048-MONOMER,b0049(1),,,
EG10108-MONOMER,b2480(1),,,
EG10119-MONOMER,b0777(1),,,
EG10122-MONOMER,b3412(1),,,
EG10124-MONOMER,b3551(1),,,
EG10144-MONOMER,b1734(1),,,
EG10153-MONOMER,b0827(1),,,
EG10154-MONOMER,b0826(1),,,
EG10168-MONOMER,b0657(1),,,
EG10201-MONOMER,b0632(1),,,
EG10202-MONOMER,b3182(1),,,
EG10203-MONOMER,b0839(1),,,
EG10280-MONOMER,b2344(1),,,
EG10299-MONOMER,b0585(1),,,
EG10341-MONOMER,b0084(1),,,
EG10370-MONOMER,b2515(1),,,
EG10374-MONOMER,b3447(1),,,
EG10381-MONOMER,b3431(1),,,
EG10456-MONOMER,b2552(1),,,
EG10534-MONOMER,b2411(1),,,
EG10544-MONOMER,b1677(1),,,
EG10564-MONOMER,b1622(1),,,
EG10606-MONOMER,b0635(1),,,
EG10626-MONOMER,b0099(1),,,
EG10669-MONOMER,b0957(1),,,
EG10696-MONOMER,b0932(1),,,
EG10723-MONOMER,b4094(1),,,
EG10739-MONOMER,b3825(1),,,
EG10780-MONOMER,b1308(1),,,
EG10943-MONOMER,b1764(1),,,
EG10950-MONOMER,b4392(1),,,
EG10983-MONOMER,b2533(1),,,
EG11009-MONOMER,b3035(1),,,
EG11035-MONOMER,b0411(1),,,
EG11082-MONOMER,b0030(1),,,
EG11095-MONOMER,b0404(1),,,
EG11110-MONOMER,b0736(1),,,
EG11158-MONOMER,b2912(1),,,
EG11167-MONOMER,b3040(1),,,
EG11189-MONOMER,b3621(1),,,
EG11239-MONOMER,b0766(1),,,
EG11288-MONOMER,b0394(1),,,
EG11339-MONOMER,b3631(1),,,
EG11340-MONOMER,b3630(1),,,
EG11341-MONOMER,b3632(1),,,
EG11350-MONOMER,b3629(1),,,
EG11351-MONOMER,b3628(1),,,
EG11352-MONOMER,b3627(1),,,
EG11353-MONOMER,b3626(1),,,
EG11373-MONOMER,b2558(1),,,
EG11423-MONOMER,b3623(1),,,
EG11424-MONOMER,b3622(1),,,
EG11425-MONOMER,b3625(1),,,
EG11426-MONOMER,b3624(1),,,
EG11433-MONOMER,b4219(1),,,
EG11437-MONOMER,b1090(1),,,
EG11470-MONOMER,b3826(1),,,
EG11486-MONOMER,b3792(1),,,
EG11511-MONOMER,b0009(1),,,
EG11591-MONOMER,b0630(1),,,
EG11595-MONOMER_EG11666-MONOMER,b0783() AND b0781(),,,
EG11597-MONOMER,b0784(1),,,
EG11598-MONOMER,b0785(1),,,
EG11600-MONOMER,b2521(1),,,
EG11639-MONOMER,b1533(1),,,
EG11653-MONOMER,b3807(1),,,
EG11665-MONOMER,b3057(1),,,
EG11671-MONOMER,b2223(1),,,
EG11674-MONOMER,b3059(1),,,
EG11702-MONOMER,b3996(1),,,
EG11724-MONOMER,b3714(1),,,
EG11736-MONOMER,b0200(1),,,
EG11796-MONOMER,b4386(1),,,
EG11817-MONOMER,b2744(1),,,
EG11822-MONOMER,b1301(1),,,
EG11829-MONOMER,b3857(1),,,
EG11829-MONOMER_EG11828-MONOMER,b3856() AND b3857(),,,
EG11905-MONOMER,b3946(1),,,
EG11910-MONOMER_dimer,b3951(2),,,
EG11911-MONOMER,b3952(1),,,
EG11956-MONOMER,b4084(1),,,
EG11957-MONOMER,b4085(1),,,
EG11983-MONOMER,b2034(1),,,
EG11984-MONOMER,b2033(1),,,
EG11985-MONOMER,b2032(1),,,
EG12013-MONOMER,b2132(1),,,
EG12015-MONOMER,b2134(1),,,
EG12069-MONOMER,b2210(1),,,
EG12115-MONOMER,b4374(1),,,
EG12130-MONOMER_EG12131-MONOMER,b2527() AND b2526(),,,
EG12134-MONOMER,b0813(1),,,
EG12195-MONOMER,b0998(1),,,
EG12210-MONOMER,b3620(1),,,
EG12221-MONOMER,b3475(1),,,
EG12267-MONOMER,b3546(1),,,
EG12285-MONOMER,b3581(1),,,
EG12287-MONOMER,b3583(1),,,
EG12310-MONOMER,b2523(1),,,
EG12312-MONOMER,b0103(1),,,
EG12318-MONOMER,b0123(1),,,
EG12384-MONOMER,b0521(1),,,
EG12394-MONOMER,b1778(1),,,
EG12407-MONOMER,b0828(1),,,
EG12438-MONOMER,b2263(1),,,
EG12440-MONOMER,b4233(1),,,
EG12445-MONOMER,b2578(1),,,
EG12450-MONOMER,b2711(1),,,
EG12455-MONOMER,b2835(1),,,
EG12666-MONOMER,b0524(1),,,
EG12712-MONOMER,b2687(1),,,
EG12713-MONOMER,b1473(1),,,
EG13236-MONOMER,b0732(1),,,
EG50003-MONOMER,b1094(1),,,
EIISGA,b2415(1) AND b2416(2) AND b4193(2) AND b4194(1) AND b4195(1),,,
Eno_dim,b2779(2),,,
ENOYL-ACP-REDUCT-NADH-MONOMER,b1288(1),,,
ENTA-CPLX,b0596(8),,,
ENTC-MONOMER,b0593(1),,,
ENTD-MONOMER,b0583(1),,,
ENTE-CPLX,b0594(2),,,
ENTF-MONOMER,b0586(1),,,
Era_dim,b2566(2),,,
ERYTH4PDEHYDROG-CPLX,b2927(4),,,
ERYTHRON4PDEHYDROG-MONOMER,b2320(1),,,
ETHAMLY-CPLX,b2441(6) AND b2440(6),,,
EXUT-MONOMER,b3093(1),,,
F16B-CPLX,b4232(4),,,
FABA-CPLX,b0954(2),,,
FABB-CPLX,b2323(2),,,
FABZ-CPLX,b0180(),,,
FADA-CPLX,b3845(2),,,
FADB-CPLX,b3846(2),,,
FecI_mono,b4293(1),,,
FEOB-MONOMER,b3409(1),,,
FGAMSYN-MONOMER,b2557(1),,,
FHLMULTI-CPLX,b2719() AND b2722() AND b2720() AND b4079(1) AND b2724() AND b2723() AND b2721(),,,
FLAVODOXIN1-MONOMER,b0684(1),,,
FLAVODOXIN2-MONOMER,b2895(1),,,
FLAVONADPREDUCT-MONOMER,b3924(1),,,
FliA_mono,b1922(1),,,
FMNREDUCT-MONOMER,b3844(1),,,
Fmt_mono,b3288(1),,,
FOCB-MONOMER,b2492(1),,,
FOLC-MONOMER,b2315(1),,,
FOLD-CPLX,b0529(2),,,
FOLE-CPLX,b2153(10),,,
FOLXTET-CPLX,b2303(8),,,
FORMATEDEHYDROGN-CPLX,b1475(3) AND b1474(3) AND b1476(3),,,
FORMATEDEHYDROGO-CPLX,b3892(1) AND b3893(1) AND b3894(1),,,
FORMHYDROG2-CPLX,b2994() AND b2995() AND b2996() AND b2997(),,,
FORMHYDROGI-CPLX,b0974() AND b0972() AND b0973(),,,
FORMYLTHFDEFORMYL-CPLX,b1232(6),,,
FPPSYN-MONOMER,b0421(1),,,
FRUCBISALD-CLASSI,b2097(10),,,
FRUCBISALD-CLASSII,b2925(2),,,
FUCP-MONOMER,b2801(1),,,
FUCULOKIN-MONOMER,b2803(1),,,
FUMARASE-A,b1612(2),,,
FUMARASE-B,b4122(2),,,
FUMARASE-C,b1611(4),,,
FUMARATE-REDUCTASE,b4154(1) AND b4152(1) AND b4153(1) AND b4151(1),,,
FusA_mono,b3340(1),,,
G495-MONOMER,b2901(1),,,
G6176-MONOMER_G6177-MONOMER_G6178-MONOMER,b0307() AND b0306() AND b0308(),,,
G6188-MONOMER,b0323(1),,,
G6199-MONOMER,b0334(1),,,
G6208-MONOMER,b0355(1),,,
G6245-MONOMER,b0444(1),,,
G6246-MONOMER,b0446(1),,,
G6260-MONOMER,b0484(1),,,
G6275-MONOMER,b0505(1),,,
G6286-MONOMER,b0517(1),,,
G6339-MONOMER,b0613(1),,,
G6340-MONOMER,b0614(1),,,
G6357-MONOMER,b0650(1),,,
G6358-MONOMER,b0651(1),,,
G6406-MONOMER,b0789(1),,,
G6414-MONOMER_CPLX0-1923,b0805() AND b1252() AND b3005() AND b3006(),,,
G6425-MONOMER,b0822(1),,,
G6437-MONOMER,b0837(1),,,
G6439-MONOMER,b0841(1),,,
G6502-MONOMER,b0968(1),,,
G6519-MONOMER,b1008(1),,,
G6520-MONOMER,b1009(1),,,
G6521-MONOMER,b1010(1),,,
G6522-MONOMER,b1011(1),,,
G6523-MONOMER_G6518-MONOMER,b1007() AND b1012(),,,
G6539-MONOMER,b1033(1),,,
G6567-MONOMER,b1107(1),,,
G6576-MONOMER,b1119(1),,,
G6580-MONOMER,b1134(1),,,
G6621-MONOMER,b1192(1),,,
G6622-MONOMER,b1193(1),,,
G6646-MONOMER,b1302(1),,,
G6657-MONOMER,b1319(1),,,
G6661-MONOMER,b1325(1),,,
G6662-MONOMER,b1326(1),,,
G6700-MONOMER,b1377(1),,,
G6701-MONOMER,b1378(1),,,
G6708-MONOMER,b1387(1),,,
G6712-MONOMER,b1391(1),,,
G6714-MONOMER,b1393(1),,,
G6715-MONOMER,b1394(1),,,
G6716-MONOMER,b1395(1),,,
G6718-MONOMER,b1397(1),,,
G6719-MONOMER,b1398(1),,,
G6782-MONOMER,b1488(1),,,
G6806-MONOMER,b1519(1),,,
G6849-MONOMER,b1591(1),,,
G6862-MONOMER,b1606(1),,,
G6880-MONOMER,b1640(1),,,
G6886-MONOMER,b1646(1),,,
G6954-MONOMER,b1759(1),,,
G6960-MONOMER,b1773(1),,,
G6967-MONOMER,b1781(1),,,
G6986-MONOMER,b1800(1),,,
G7090-MONOMER_EG11982-MONOMER,b2027() AND b2035(),,,
G7096-MONOMER,b2045(1),,,
G7146-MONOMER,b2174(1),,,
G7164-MONOMER,b2251(1),,,
G7166-MONOMER,b2253(1),,,
G7167-MONOMER,b2254(1),,,
G7169-MONOMER,b2256(1),,,
G7170-MONOMER,b2257(1),,,
G7322-MONOMER_G6561-MONOMER,b2519() AND b1069(),,,
G7408-MONOMER,b2690(1),,,
G7410-MONOMER,b2701(1),,,
G7419-MONOMER,b2738(1),,,
G7431-MONOMER,b2765(1),,,
G7446-MONOMER,b2788(1),,,
G7457-MONOMER,b2813(1),,,
G7458-MONOMER,b2817(1),,,
G7493-MONOMER,b2874(1),,,
G7496-MONOMER,b2877(1),,,
G7502-MONOMER,b2883(1),,,
G7517-MONOMER,b2920(1),,,
G7533-MONOMER,b2963(1),,,
G7558-MONOMER,b3001(1),,,
G7596-MONOMER,b3073(1),,,
G7726-MONOMER,b3374(1),,,
G7732-MONOMER,b3380(1),,,
G7800-MONOMER,b4481(1),,,
G7814-MONOMER,b3875(1),,,
G7841-MONOMER,b4161(1),,,
G7859-MONOMER,b4197(1),,,
G7860-MONOMER,b4198(1),,,
G7914-MONOMER,b4301(1),,,
G7921-MONOMER,b4311(1),,,
G7945-MONOMER,b4358(1),,,
G7949-MONOMER,b4367(1),,,
GABATRANSAM-CPLX,b2662(2),,,
GABP-MONOMER,b2663(1),,,
GALACTARDEHYDRA-MONOMER,b3128(1),,,
GALACTITOLPDEHYD-MONOMER,b2091(1),,,
GALACTOKIN-MONOMER,b0757(1),,,
GALACTONATE-DEHYDRATASE-MONOMER,b4478(1),,,
GALACTURIDYLYLTRANS-CPLX,b0758(2),,,
GALP-MONOMER,b2943(1),,,
GALPMUT-MONOMER,b2036(1),,,
GAPDH-A-CPLX,b1779(4),,,
GART-MONOMER,b2500(1),,,
GARTRANSFORMYL2-MONOMER,b1849(1),,,
GCVMULTI-CPLX,b2904(1) AND b0116(2) AND b2905(1) AND b2903(2),,,
GDHA-CPLX,b1761(6),,,
GDPMANDEHYDRA-CPLX,b2053(2),,,
GKI-MONOMER,b3124(1),,,
GLCNACPTRANS-MONOMER,b3784(1),,,
GlnS_mono,b0680(1),,,
GLPT-MONOMER,b2240(1),,,
GLTP-MONOMER,b4077(1),,,
GLTS-MONOMER,b3653(1),,,
GltX_mono,b2400(1),,,
GLU6PDEHYDROG-MONOMER,b1852(1),,,
GLUC1PADENYLTRANS-CPLX,b3430(4),,,
GLUC1PURIDYLTRANS-MONOMER,b1236(1),,,
GLUCARDEHYDRA-MONOMER,b2787(1),,,
GLUCDEHYDROG-MONOMER,b0124(1),,,
GLUCOKIN-MONOMER,b2388(1),,,
GLUCONOKINI-MONOMER,b4268(1),,,
GLUCONOKINII-CPLX,b3437(3),,,
GLUCONREDUCT-MONOMER,b4266(1),,,
GLUCOSAMINE-6-P-DEAMIN-CPLX,b0678(6),,,
GLUCOSE-1-PHOSPHAT-CPLX,b1002(2),,,
GLUTAMATESYN-CPLX,b3213(4) AND b3212(4),,,
GLUTAMIDOTRANS-CPLX,b2025(1) AND b2023(1),,,
GLUTAMINESYN-OLIGOMER,b3870(12),,,
GLUTAREDOXIN-MONOMER,b0849(1),,,
GLUTATHIONE-REDUCT-NADPH-CPLX,b3500(2),,,
GLUTATHIONE-SYN-CPLX,b2947(4),,,
GLUTCYSLIG-MONOMER,b2688(1),,,
GLUTDECARBOXA-CPLX,b3517(6),,,
GLUTDECARBOXB-CPLX,b1493(6),,,
GLUTKIN-CPLX,b0242(4),,,
GLUTRACE-CPLX,b3967(2),,,
GLUTSEMIALDEHYDROG-CPLX,b0243(4),,,
Gly_RS_tetra,b3559(2) AND b3560(2),,,
GLY3KIN-MONOMER,b0514(1),,,
GLYC3PDEHYDROGBIOSYN-CPLX,b3608(2),,,
GLYCDEH-CPLX,b3945(8),,,
GLYCEROL-3-P-ACYLTRANSFER-MONOMER,b4041(1),,,
GLYCEROL-KIN-CPLX,b3926(4),,,
GLYCOGEN-BRANCH-MONOMER,b3432(1),,,
GLYCOGENSYN-MONOMER,b3429(1),,,
GLYCOPHOSPHORYL-CPLX,b3428(2),,,
GLYCPDIESTER-CYTO-MONOMER,b3449(1),,,
GLYCPDIESTER-PERI-CPLX,b2239(2),,,
GLYCRIBONUCSYN-MONOMER,b4005(1),,,
GLYOCARBOLIG-CPLX,b0507(2),,,
GLYOHMETRANS-CPLX,b2551(2),,,
GLYOXI-CPLX,b1651(2),,,
GLYOXII-MONOMER,b0212(1),,,
GMP-REDUCT-CPLX,b0104(4),,,
GMP-SYN-CPLX,b2507(2),,,
GNTP-MONOMER,b4321(1),,,
GNTT-MONOMER,b3415(1),,,
GNTU-MONOMER,b4476(1),,,
GPH-MONOMER,b3385(1),,,
GPT-CPLX,b0238(4),,,
GreA_mono,b3181(1),,,
GreB_mono,b3406(1),,,
GroL_14,b4143(14),,,
GrpE_dim,b2614(2),,,
GRXB-MONOMER,b1064(1),,,
GRXB-MONOMER_EG12237-MONOMER,b1064() AND b3503(),,,
GRXC-MONOMER,b3610(1),,,
GSAAMINOTRANS-CPLX,b0154(2),,,
GSP-CPLX,b2988(2),,,
GTP-CYCLOHYDRO-II-CPLX,b1277(2),,,
GUANYL-KIN-CPLX,b3648(2),,,
H2NEOPTERINP3PYROPHOSPHOHYDRO-MONOMER,b1865(1),,,
H2PTERIDINEPYROPHOSPHOKIN-MONOMER,b0142(1),,,
H2PTEROATESYNTH-CPLX,b3177(2),,,
HCAMULTI-CPLX,b2542(1) AND b2540(1) AND b2538(1) AND b2539(1),,,
HCAT-MONOMER,b2536(1),,,
HEMEOSYN-MONOMER,b0428(1),,,
HEMN-MONOMER,b3867(1),,,
HEMX-MONOMER,b3803(1),,,
His_RS_dim,b2514(2),,,
HISTCYCLOPRATPPHOS,b2026(1),,,
HISTDEHYD-CPLX,b2020(2),,,
HISTPHOSTRANS-CPLX,b2021(2),,,
HMP-P-KIN-CPLX,b2103(4),,,
HOLO-ACP-SYNTH-CPLX,b2563(2),,,
HOMOCYSMET-MONOMER,b3829(1),,,
HOMOCYSMETB12-MONOMER,b4019(1),,,
HOMOSERKIN-CPLX,b0003(2),,,
HOMSUCTRAN-CPLX,b4013(2),,,
hRNAP,b3988(1) AND b3295(2) AND b3987(1),,,
HYDROG3-CPLX,b2724() AND b2722() AND b2719() AND b2720() AND b2723() AND b2721(),,,
HYDROPEROXIDI-CPLX,b3942(4),,,
HYDROPEROXIDII-CPLX,b1732(6),,,
IDONDEHYD-MONOMER,b4267(1),,,
IleS_mono,b0026(1),,,
IMIDHISTID-CPLX,b2022(2),,,
IMP-DEHYDROG-CPLX,b2508(4),,,
InfA_mono,b0884(1),,,
InfB_mono,b3168(1),,,
InfC_mono,b1718(1),,,
IPPISOM-MONOMER,b2889(1),,,
IscA_tetra,b2528(4),,,
IscS,b2530(2),,,
IscU,b2529(2),,,
ISOCIT-LYASE,b4015(4),,,
ISOCITHASE-CPLX,b1136(2),,,
KDGT-MONOMER,b3909(1),,,
KDO-8PPHOSPHAT-CPLX,b3198(4),,,
KDO-8PSYNTH-CPLX,b1215(4),,,
KDOTRANS-MONOMER,b3633(1),,,
KDPGALDOL-4OH2OXOGLUTARALDOL-CPLX,b1850(3),,,
KEFB-MONOMER,b3350(1),,,
KETOBUTFORMLY-INACT-MONOMER,b3114(1),,,
KGTP-MONOMER,b2587(1),,,
KsgA_mono,b0051(1),,,
KUP-MONOMER,b3747(1),,,
L-ASPARTATE-OXID-MONOMER,b2574(1),,,
L-GLN-FRUCT-6-P-AMINOTRANS-CPLX,b3729(2),,,
L-LACTDEHYDROGFMN-MONOMER,b3605(1),,,
LACTALDREDUCT-CPLX,b2799(2),,,
LACY-MONOMER,b0343(1),,,
LAUROYLACYLTRAN-MONOMER,b1054(1),,,
LCTP-MONOMER,b3603(1),,,
LDC2-CPLX,b0186(10),,,
LeuS_mono,b0642(1),,,
LSERINEDEAM1-MONOMER,b1814(1),,,
LSERINEDEAM2-MONOMER,b2797(1),,,
LTAA-CPLX,b0870(4),,,
LTARTDEHYDRA-CPLX,b3062(2) AND b3061(2),,,
LUMAZINESYN-CPLX,b0415(60),,,
LYSDECARBOX-CPLX,b4131(10),,,
LysI_RS_dim,b2890(2),,,
LysII_RS_dim,b4129(2),,,
LYSP-MONOMER,b2156(1),,,
LYXK-CPLX,b3580(2),,,
MALATE-DEHASE,b3236(2),,,
MALATE-SYNTHASE,b4014(1),,,
MALDEXPHOSPHORYL-CPLX,b3417(2),,,
MALIC-NAD-CPLX,b1479(4),,,
MALIC-NADP-CPLX,b2463(6),,,
MALONYL-COA-ACP-TRANSACYL-MONOMER,b1092(),,,
MALSYNG-MONOMER,b2976(1),,,
MALTACETYLTRAN-CPLX,b0459(2),,,
MALTODEXGLUCOSID-MONOMER,b0403(1),,,
MANNONDEHYDRAT-MONOMER,b4322(1),,,
MANNONOXIDOREDUCT-MONOMER,b4323(1),,,
MANNPDEHYDROG-MONOMER,b3600(1),,,
MANNPGUANYLTRANGDP-MONOMER,b2049(1),,,
MANNPISOM-MONOMER,b1613(1),,,
Map_mono,b0168(1),,,
MELB-MONOMER,b4120(1),,,
MENE-CPLX,b2260(4),,,
MENF-CPLX,b2265(2),,,
Met_RS_dim,b2114(2),,,
METHGLYSYN-CPLX,b0963(6),,,
METHYLENETHFREDUCT-CPLX,b3941(4),,,
METNIQ-METHIONINE-ABC-CPLX,b0197() AND b0198() AND b0199(2),,,
Mfd_mono,b1114(1),,,
MGTA-MONOMER,b4242(1),,,
MHPCHYDROL-MONOMER,b0349(1),,,
MHPDHYDROL-MONOMER,b0350(1),,,
MHPELY-MONOMER,b0352(1),,,
MHPF-MONOMER,b0351(1),,,
MHPHYDROXY-MONOMER,b0347(1),,,
MHPT-MONOMER,b0353(1),,,
MiaA_dim,b4171(2),,,
MiaB_mono,b0661(1),,,
MMUM-MONOMER,b0261(1),,,
MnmC_mono,b2324(1),,,
MnmE_dim,b3706(2),,,
MnmEG_cplx,MnmE_dim(1) AND MnmG_dim(1),,,
MnmG_dim,b3741(2),,,
MONOMER0-148,b3012(1),,,
MONOMER0-149,b0207(1),,,
MONOMER0-1842,b0131(1),,,
MONOMER0-341,b3821(1),,,
MTR-MONOMER,b3161(1),,,
MYRISTOYLACYLTRAN-MONOMER,b1855(1),,,
N-ACETYLGLUTPREDUCT-MONOMER,b3958(1),,,
N-ACETYLTRANSFER-CPLX,b2818(6),,,
NACGLCTRANS-MONOMER,b0090(1),,,
NACMURLALAAMI1-MONOMER,b2435(1),,,
NACMURLALAAMI2-MONOMER,b4169(1),,,
NAD-SYNTH-CPLX,b1740(2),,,
NADH-DHI-CPLX,b2288(1) AND b2283() AND b2284() AND b2277() AND b2280() AND b2285() AND b2279() AND b2281() AND b2286() AND b2278() AND b2282() AND b2276() AND b2287(),,,
NADH-DHII-MONOMER,b1109(1),,,
NAG1P-URIDYLTRANS-CPLX,b3730(3),,,
NAG6PDEACET-CPLX,b0677(4),,,
NANE-MONOMER,b3223(1),,,
NANK-MONOMER,b3222(1),,,
NANT-MONOMER,b3224(1),,,
NAP-CPLX,b2202() AND b2203() AND b2204() AND b2205() AND b2206(),,,
NAPAB-CPLX_NAPC-MONOMER,b2202() AND b2203() AND b2206(),,,
NAPD-MONOMER,b2207(1),,,
NARJ-MONOMER,b1226(1),,,
NARK-MONOMER,b1223(1),,,
NARU-MONOMER,b1469(1),,,
NARW-MONOMER,b1466(1),,,
NHAB-MONOMER,b1186(1),,,
NICONUCADENYLYLTRAN-MONOMER,b0639(1),,,
NICOTINAMID-MONOMER,b1768(1),,,
NICOTINATEPRIBOSYLTRANS-MONOMER,b0931(1),,,
NIRC-MONOMER,b3367(1),,,
NITRATREDUCTA-CPLX,b1227(1) AND b1225(1) AND b1224(1),,,
NITRATREDUCTZ-CPLX,b1468(1) AND b1465(1) AND b1467(1),,,
NITRITREDUCT-CPLX,b3365(2) AND b3366(1),,,
NRDACTMULTI-CPLX,b4237(2) AND b4238(2) AND b3924(1),,,
NRFMULTI-CPLX,b4071(1) AND b4070(1) AND b4073(1) AND b4072(1),,,
NUCLEOSIDE-DIP-KIN-CPLX,b2518(4),,,
NUPC-MONOMER,b2393(1),,,
NUPG-MONOMER,b2964(1),,,
NusA_mono,b3169(1),,,
NusB_mono,b0416(1),,,
NusG_mono,b3982(1),,,
O-SUCCHOMOSERLYASE-CPLX,b3939(4),,,
O-SUCCINYLBENZOATE-COA-SYN-MONOMER,b2261(1),,,
OCTAPRENYL-METHOXYPHENOL-OH-MONOMER,b2907(1),,,
OCTAPRENYL-METHYL-METHOXY-BENZOQ-OH-MON,b0662(1),,,
OHMETHYLBILANESYN-MONOMER,b3805(1),,,
Orn_dim,b4162(2),,,
ORNCARBAMTRANSFERF-CPLX,b0273(3),,,
ORNCARBAMTRANSFERI-CPLX,b4254(3),,,
ORNDECARBOX-BIO-CPLX,b2965(2),,,
ORNDECARBOXDEG-CPLX,b0693(2),,,
OROPRIBTRANS-CPLX,b3642(2),,,
OROTPDECARB-CPLX,b1281(2),,,
PABASYN-COMPI-MONOMER,b1812(1),,,
PABASYN-CPLX,b3360(1) AND b1812(1),,,
PALMITOTRANS-MONOMER,b2378(1),,,
PANF-MONOMER,b3258(1),,,
PANTOATE-BETA-ALANINE-LIG-CPLX,b0133(2),,,
PANTOTHENATE-KIN-CPLX,b3974(2),,,
PAPSSULFOTRANS-CPLX,b2762(2),,,
PD04413,b4390(1),,,
PDXH-CPLX,b1638(2),,,
PDXK-CPLX,b2418(4),,,
PDXY-MONOMER,b1636(1),,,
PEPCARBOX-CPLX,b3956(4),,,
PEPCARBOXYKIN-MONOMER,b3403(1),,,
PEPSYNTH-CPLX,b1702(2),,,
PFLACTENZ-MONOMER,b0902(1),,,
PGAM2-MONOMER,b4395(1),,,
PGK,b2926(1),,,
PGLUCONDEHYDRAT-MONOMER,b1851(1),,,
PGLYCDEHYDROG-CPLX,b2913(4),,,
PGMI-MONOMER,b3612(1),,,
PGPPHOSPHAA-MONOMER,b0418(1),,,
PGPPHOSPHAB-MONOMER,b1278(1),,,
Phe_RS_tetra,b1713(2) AND b1714(2),,,
PHENDEHYD-CPLX,b1385(2),,,
PHENPRODIOLDEHYDROG-MONOMER,b2541(1),,,
PHEP-MONOMER,b0576(1),,,
PHOSACETYLTRANS-CPLX,b2297(6),,,
PHOSGLUCOSAMINEMUT-MONOMER,b3176(1),,,
PHOSGLYCMUTASE,b0755(2),,,
PHOSMANMUT-MONOMER,b2048(1),,,
PHOSNACMURPENTATRANS-MONOMER,b0087(1),,,
PHOSPHAGLYPSYN-MONOMER,b1912(1),,,
PHOSPHASERSYN-CPLX,b2585(),,,
PHOSPHOGLUCMUT-MONOMER,b0688(1),,,
PITA-MONOMER,b3493(1),,,
PITB-MONOMER,b2987(1),,,
PKI-COMPLEX,b1676(4),,,
PKII-CPLX,b1854(4),,,
Pnp_trim,b3164(3),,,
PNUC-MONOMER,b0751(1),,,
PORPHOBILSYNTH-CPLX,b0369(8),,,
POTE-MONOMER,b0692(1),,,
PPENTOMUT-MONOMER,b4383(1),,,
PPK-CPLX,b2501(4),,,
PPPGPPHYDRO-CPLX,b3779(2),,,
PPX-CPLX,b2502(2),,,
PRAI-IGPS,b1262(1),,,
PrfA_mono,b1211(1),,,
PrfB_mono,b2891(1),,,
PrfC_mono,b4375(1),,,
PRIBFAICARPISOM-MONOMER,b2024(1),,,
Pro_RS_dim,b0194(2),,,
PROPKIN-MONOMER,b3115(1),,,
PROTOHEME-FERROCHELAT-MONOMER,b0475(1),,,
PRPPAMIDOTRANS-CPLX,b2312(4),,,
PRPPSYN-MONOMER,b1207(1),,,
PSD-MONOMER,b4160(1),,,
PSERPHOSPHA-MONOMER,b4388(1),,,
PSERTRANSAM-CPLX,b0907(2),,,
PTSI-MONOMER,b2416(1),,,
PURE-CPLX,b0523(8),,,
PURK-CPLX,b0522(2),,,
PUTA-CPLX,b1014(2),,,
PUTP-MONOMER,b1015(1),,,
PYRNUTRANSHYDROGEN-CPLX,b1602(2) AND b1603(2),,,
PYRROLINECARBREDUCT-CPLX,b0386(10),,,
PYRUVATEDEH-CPLX,b0114(24) AND b0115(24) AND b0116(12),,,
PYRUVFORMLY-INACTIVE-CPLX,b0903(2),,,
PYRUVFORMLY-MONOMER_EG11784-MONOMER,b2579(1) AND b0903(1),,,
PYRUVOXID-CPLX,b0871(4),,,
QueA_mono,b0405(1),,,
QueF_dim,b2794(2),,,
QueG_mono,b4166(1),,,
QUINOPRIBOTRANS-CPLX,b0109(2),,,
RbfA_mono,b3167(1),,,
RED-THIOREDOXIN-MONOMER,b3781(1),,,
RED-THIOREDOXIN2-MONOMER,b2582(1),,,
RELA-MONOMER,b2784(1),,,
RFBX-MONOMER,b2037(1),,,
RFFTRANS-MONOMER,b3791(1),,,
RHAMNULOKIN-MONOMER,b3904(1),,,
RHAMNULPALDOL-CPLX,b3902(4),,,
RHAT-MONOMER,b3907(1),,,
RhlB_dim,b3780(2),,,
Rho_hexa,b3783(6),,,
RHTB-MONOMER,b3824(1),,,
RHTC-MONOMER,b3823(1),,,
RIB5PISOMA-CPLX,b2914(2),,,
RIB5PISOMB-CPLX,b4090(2),,,
RIBAZOLEPHOSPHAT-MONOMER,b0638(1),,,
RIBF-MONOMER,b0025(1),,,
RIBONUCLEOSIDE-DIP-REDUCTI-CPLX,b2234(2) AND b2235(2),,,
RIBONUCLEOSIDE-DIP-REDUCTII-CPLX,b2676(2) AND b2675(2),,,
RIBONUCLEOSIDE-TRIP-REDUCT-CPLX,b4238(2),,,
RIBULOKIN-CPLX,b0063(2),,,
RIBULP3EPIM-MONOMER,b3386(1),,,
RIBULPEPIM-CPLX,b0061(4),,,
RimM_mono,b2608(1),,,
RlmB_dim,b4180(2),,,
RlmF_mono,b0807(),,,
RlmG_mono,b3084(),,,
RlmH_dim,b0636(2),,,
RlmI_dim,b0967(2),,,
RlmL_dim,b0948(2),,,
RlmM_mono,b2806(),,,
RlmN_mono,b2517(),,,
RluA_mono,b0058(1),,,
RluB_mono,b1269(1),,,
RluC_mono,b1086(1),,,
RluD_mono,b2594(1),,,
RNase_BN_dim,b2268(2),,,
RNase_E_tetra,b1084(4),,,
RNase_G_dim,b3247(2),,,
RNase_III_dim,b2567(2),,,
RNase_P_cplx,b3704(1) AND b3123(1),,,
RNase_T_dim,b1652(2),,,
Rnb_mono,b1286(1),,,
Rnd_mono,b1804(1),,,
Rph_mono,b3643(1),,,
rpL7/12,b3986(2),,,
RplA_mono,b3984(1),,,
RplB_mono,b3317(1),,,
RplC_mono,b3320(1),,,
RplD_mono,b3319(1),,,
RplE_mono,b3308(1),,,
RplF_mono,b3305(1),,,
RplI_mono,b4203(1),,,
RplJ_mono,b3985(1),,,
RplK_mono,b3983(1),,,
RplM_mono,b3231(1),,,
RplN_mono,b3310(1),,,
RplO_mono,b3301(1),,,
RplP_mono,b3313(1),,,
RplQ_mono,b3294(1),,,
RplR_mono,b3304(1),,,
RplS_mono,b2606(1),,,
RplT_mono,b1716(1),,,
RplU_mono,b3186(1),,,
RplV_mono,b3315(1),,,
RplW_mono,b3318(1),,,
RplX_mono,b3309(1),,,
RplY_mono,b2185(1),,,
RpmA_mono,b3185(1),,,
RpmB_mono,b3637(1),,,
RpmC_mono,b3312(1),,,
RpmD_mono,b3302(1),,,
RpmE_mono,b3936(1),,,
RpmF_mono,b1089(1),,,
RpmG_mono,b3636(1),,,
RpmH_mono,b3703(1),,,
RpmI_mono,b1717(1),,,
RpmJ_mono,b3299(1),,,
RPOA-MONOMER,b2010(1),,,
RpoD_mono,b3067(1),,,
RpoE_mono,b2573(1),,,
RpoH_mono,b3461(1),,,
RpoN_mono,b3202(1),,,
RpoS_mono,b2741(1),,,
RpoZ_mono,b3649(1),,,
RpsA_mono,b0911(1),,,
RpsB_mono,b0169(1),,,
RpsC_mono,b3314(1),,,
RpsD_mono,b3296(1),,,
RpsE_mono,b3303(1),,,
RpsF_mono,b4200(1),,,
RpsG_mono,b3341(1),,,
RpsH_mono,b3306(1),,,
RpsI_mono,b3230(1),,,
RpsJ_mono,b3321(1),,,
RpsK_mono,b3297(1),,,
RpsL_mono,b3342(1),,,
RpsM_mono,b3298(1),,,
RpsN_mono,b3307(1),,,
RpsO_mono,b3165(1),,,
RpsP_mono,b2609(1),,,
RpsQ_mono,b3311(1),,,
RpsR_mono,b4202(1),,,
RpsS_mono,b3316(1),,,
RpsT_mono,b0023(1),,,
RpsU_mono,b3065(1),,,
Rrf_mono,b0172(1),,,
RrmA_dim,b1822(2),,,
RrmJ_mono,b3179(1),,,
RsmB_mono,b3289(1),,,
RsmC_mono,b4371(1),,,
RsmD_mono,b3465(),,,
RsmF_mono,b1835(),,,
RsmG_mono,b3740(),,,
RsmH_mono,b0082(),,,
RsmI_mono,b3146(),,,
RsuA_mono,b2183(1),,,
RumA_mono,b2785(1),,,
RumB_mono,b0859(1),,,
S-ADENMETSYN-CPLX,b2942(4),,,
SAICARSYN-CPLX,b2476(3),,,
SARCOX-MONOMER,b1059(1),,,
SDAC-MONOMER,b2796(1),,,
SelA_deca,b3591(10),,,
SelB_mono,b3590(1),,,
Ser_RS_dim,b0893(2),,,
SHIA-MONOMER,b1981(1),,,
SIROHEMESYN-CPLX,b3368(2),,,
SORB6PDEHYDROG-CPLX,b2705(4),,,
SPED-MONOMER,b0120(1),,,
SPERMACTRAN-CPLX,b1584(4),,,
SPERMIDINESYN-CPLX,b0121(2),,,
SPOT-MONOMER,b3650(1),,,
Sra_mono,b1480(1),,,
SUCC-DEHASE,b0721(1) AND b0723(1) AND b0722(1) AND b0724(1),,,
SUCCARGDIHYDRO-MONOMER,b1745(1),,,
SUCCCOASYN,b0728(2) AND b0729(2),,,
SUCCGLUALDDEHYD-MONOMER,b1746(1),,,
SUCCGLUDESUCC-MONOMER,b1744(1),,,
SUCCORNTRANSAM-CPLX,b1748(2),,,
SULFITE-REDUCT-CPLX,b2764(8) AND b2763(4),,,
SUPEROX-DISMUTFE-CPLX,b1656(2),,,
SUPEROX-DISMUTMN-CPLX,b3908(2),,,
TadA_dim,b2559(2),,,
TDCC-MONOMER,b3116(1),,,
TDK-MONOMER,b1238(1),,,
TDPFUCACTRANS-MONOMER,b3790(1),,,
TETRAACYLDISACC4KIN-MONOMER,b0915(1),,,
Tgt_hexa,b0406(6),,,
THI-P-KIN-MONOMER,b0417(1),,,
THIC-MONOMER,b3994(1),,,
THIE-MONOMER,b3993(1),,,
THIG-MONOMER,b3991(1),,,
THIH-MONOMER_THIF-MONOMER_THII-MONOMER_THIS-MONOMER,b3990() AND b4407() AND b0423() AND b3992(),,,
ThiI_mono,b0423(1),,,
THIKIN-MONOMER,b1106(1),,,
THIOESTERII-CPLX,b0452(4),,,
THIOREDOXIN-REDUCT-NADPH-CPLX,b0888(),,,
Thr_RS_dim,b1719(2),,,
THREDEHYDCAT-CPLX,b3117(4),,,
THREDEHYDSYN-CPLX,b3772(4),,,
THREODEHYD-CPLX,b3616(4),,,
THRESYN-MONOMER,b0004(1),,,
THYMIDYLATESYN-CPLX,b2827(2),,,
THZ-KIN-MONOMER,b2104(1),,,
Tig_mono,b0436(1),,,
TilS_mono,b0188(1),,,
TMAOREDUCTI-CPLX,b0996() AND b0997(2),,,
TmcA_mono,b2474(),,,
TNAB-MONOMER,b3709(1),,,
TPI,b3919(2),,,
TRANS-CPLX-201,b0462() AND b0463() AND b3035(),,,
TRANS-CPLX-203,b3577() AND b3579() AND b3578(),,,
TRANSALDOLA-MONOMER,b2464(1),,,
TRANSALDOLB-CPLX,b0008(2),,,
transGroES_hepta,b4142(7),,,
TRANSKETOI-CPLX,b2935(2),,,
TRE6PHYDRO-MONOMER,b4239(1),,,
TREHALACYTO-MONOMER,b3519(1),,,
TREHALAPERI-MONOMER,b1197(1),,,
TREHALOSE6PSYN-MONOMER,b1896(1),,,
TREHALOSEPHOSPHASYN-MONOMER,b1897(1),,,
TRKA-MONOMER_SAPD-MONOMER_TRKG-MONOMER,b1363() AND b1291() AND b3290(),,,
TRKA-MONOMER_SAPD-MONOMER_TRKH-MONOMER,b3849() AND b1291() AND b3290(),,,
TrmA_mono,b3965(1),,,
TrmD_dim,b2607(2),,,
TrmH_dim,b3651(2),,,
TrmJ_dim,b2532(2),,,
TrmU_mono,b1133(1),,,
Trp_RS_dim,b3384(2),,,
TruA_dim,b2318(2),,,
TruB_mono,b3166(1),,,
TruD_mono,b2745(1),,,
TRYPSYN,b1260(2) AND b1261(2),,,
TRYPTOPHAN-CPLX,b3708(4),,,
TSA-REDUCT-MONOMER,b3125(1),,,
Tsf_mono,b0170(1),,,
TufA_mono,b3339(1),,,
TufB_mono,b3980(1),,,
Tyr_RS_dim,b1637(2),,,
TYRB-DIMER,b4054(2),,,
TYRP-MONOMER,b1907(1),,,
UBIX-MONOMER_DHHB-METHYLTRANSFER-MONOMER,b2311() AND b2232(),,,
UDHA-CPLX,b3962(8),,,
UDK-MONOMER,b2066(1),,,
UDP-NACMUR-ALA-LIG-MONOMER,b0091(1),,,
UDP-NACMURALA-GLU-LIG-MONOMER,b0088(1),,,
UDP-NACMURALGLDAPAALIG-MONOMER,b0086(1),,,
UDP-NACMURALGLDAPLIG-MONOMER,b0085(1),,,
UDPACYLGLCNACDEACETYL-MONOMER,b0096(1),,,
UDPGLCNACEPIM-MONOMER,b3786(1),,,
UDPGLUCEPIM-CPLX,b0759(2),,,
UDPHYDROXYMYRGLUCOSAMNACETYLTRANS-MONO,b0179(1),,,
UDPMANACATRANS-MONOMER,b3794(1),,,
UDPMANNACADEHYDROG-MONOMER,b3787(1),,,
UDPNACETYLGLUCOSAMACYLTRANS-CPLX,b0181(3),,,
UDPNACETYLGLUCOSAMENOLPYRTRANS-MONOMER,b3189(1),,,
UDPNACETYLMURAMATEDEHYDROG-MONOMER,b3972(1),,,
UGD-MONOMER,b2028(1),,,
UHPT-MONOMER,b3666(1),,,
UMPKI-CPLX,b0171(6),,,
UPPSYN-CPLX,b0174(2),,,
URAA-MONOMER,b2497(1),,,
URACIL-PRIBOSYLTRANS-CPLX,b2498(3),,,
UROGENDECARBOX-MONOMER,b3997(1),,,
UROGENIIISYN-MONOMER,b3804(1),,,
URPHOS-CPLX,b3831(6),,,
USHA-MONOMER,b0480(1),,,
UXAC-MONOMER,b3092(1),,,
VALINE-PYRUVATE-AMINOTRANSFER-MONOMER,b3572(1),,,
ValS_mono,b4258(1),,,
XANTHOSINEPHOSPHORY-CPLX,b2407(6),,,
XAPB-MONOMER,b2406(1),,,
XASA-MONOMER,b1492(1),,,
XYLE-MONOMER,b4031(1),,,
XYLISOM-CPLX,b3565(4),,,
YAAJ-MONOMER,b0007(1),,,
YADQ-MONOMER,b0155(1),,,
YBDA-MONOMER,b0591(1),,,
YccK_mono,b0969(1),,,
YCHM-MONOMER,b1206(1),,,
YdaO_mono,b1344(1),,,
YDEA-MONOMER,b1528(1),,,
YDGEF-CPLX,b1599() AND b1600(),,,
YEAV-MONOMER,b1801(1),,,
YecO_mono,b1870(1),,,
YecP_mono,b1871(1),,,
YFEP-MONOMER,b2392(1),,,
YfiC_mono,b2575(),,,
YGFO-MONOMER,b2882(1),,,
YGGA-MONOMER,b2923(1),,,
YggH_mono,b2960(1),,,
YggJ_dim,b2946(2),,,
YGJE-MONOMER,b3063(1),,,
YGJU-MONOMER,b3089(1),,,
YHAU-MONOMER,b3127(1),,,
YheL_mono,b3343(1),,,
YheLMN_cplx,YheL_mono(2) AND YheM_mono(2) AND YheN_mono(2),,,
YheM_mono,b3344(1),,,
YheN_mono,b3345(1),,,
YHFM-MONOMER,b3370(1),,,
YHHO-MONOMER,b3469(1),,,
YhhP_mono,b3470(1),,,
YHIP-MONOMER,b3496(1),,,
YICE-MONOMER,b3654(1),,,
YIDK-MONOMER,b3679(1),,,
YIDT-MONOMER,b3691(1),,,
YjbC_mono,b4022(1),,,
YJCG-MONOMER,b4067(1),,,
YJDL-MONOMER,b4130(1),,,
YJGT-MONOMER,b4265(1),,,
YJIZ-MONOMER,b4356(1),,,
YmfC_mono,b1135(1),,,
YNFJ-MONOMER,b1592(1),,,
YqcB_mono,b2791(1),,,
YRBG-MONOMER,b3196(1),,,
YrdC_mono,b3282(1),,,
